CE04OSPS-SF01B-2A-CTDPFA107,10/11/2021: no recent evaluation
RS01SBPS-SF01A-2A-CTDPFA102,10/11/2021: no recent evaluation
RS03AXPS-SF03A-2A-CTDPFA302,10/11/2021: no recent evaluation
CE04OSPS-SF01B-2A-DOFSTA107,10/11/2021: no recent evaluation
RS01SBPS-SF01A-2A-DOFSTA102,10/11/2021: no recent evaluation
RS03AXPS-SF03A-2A-DOFSTA302,10/11/2021: no recent evaluation
CE04OSPS-SF01B-3A-FLORTD104,10/11/2021: no recent evaluation
RS01SBPS-SF01A-3A-FLORTD101,10/11/2021: no recent evaluation
RS03AXPS-SF03A-3A-FLORTD301,10/11/2021: no recent evaluation
CE04OSPS-SF01B-4A-NUTNRA102,10/11/2021: no recent evaluation
RS01SBPS-SF01A-4A-NUTNRA101,10/11/2021: no recent evaluation
RS03AXPS-SF03A-4A-NUTNRA301,10/11/2021: no recent evaluation
CE04OSPS-SF01B-3B-OPTAAD105,10/11/2021: no recent evaluation
RS01SBPS-SF01A-3B-OPTAAD101,failed
RS03AXPS-SF03A-3B-OPTAAD301,10/11/2021: no recent evaluation
CE04OSPS-SF01B-3C-PARADA102,10/11/2021: no recent evaluation
RS01SBPS-SF01A-3C-PARADA101,10/11/2021: no recent evaluation
RS03AXPS-SF03A-3C-PARADA301,10/11/2021: no recent evaluation
CE04OSPS-SF01B-4F-PCO2WA102,10/11/2021: no recent evaluation
RS01SBPS-SF01A-4F-PCO2WA101,10/11/2021: no recent evaluation
RS03AXPS-SF03A-4F-PCO2WA301,10/11/2021: no recent evaluation
CE04OSPS-SF01B-2B-PHSENA108,10/11/2021: no recent evaluation
RS01SBPS-SF01A-2D-PHSENA101,10/11/2021: no recent evaluation
RS03AXPS-SF03A-2D-PHSENA301,10/11/2021: no recent evaluation
CE04OSPS-SF01B-3D-SPKIRA102,10/11/2021: no recent evaluation
RS01SBPS-SF01A-3D-SPKIRA101,10/11/2021: no recent evaluation
RS03AXPS-SF03A-3D-SPKIRA301,10/11/2021: no recent evaluation
CE04OSPS-SF01B-4B-VELPTD106,10/11/2021: no recent evaluation
RS01SBPS-SF01A-4B-VELPTD102,10/11/2021: no recent evaluation
RS03AXPS-SF03A-4B-VELPTD302,10/11/2021: no recent evaluation
