CE02SHBP-LJ01D-06-CTDBPN106,10/11/2021: no recent evaluation
CE04OSBP-LJ01C-06-CTDBPO108,10/11/2021: no recent evaluation
CE04OSPS-PC01B-4A-CTDPFA109,10/11/2021: no recent evaluation
CE04OSPS-SF01B-2A-CTDPFA107,10/11/2021: no recent evaluation
RS01SBPS-PC01A-4A-CTDPFA103,10/11/2021: no recent evaluation
RS01SBPS-SF01A-2A-CTDPFA102,10/11/2021: no recent evaluation
RS03AXPS-PC03A-4A-CTDPFA303,10/11/2021: no recent evaluation
RS03AXPS-SF03A-2A-CTDPFA302,10/11/2021: no recent evaluation
RS01SLBS-LJ01A-12-CTDPFB101,10/11/2021: no recent evaluation
RS03ASHS-MJ03B-10-CTDPFB304,10/11/2021: no recent evaluation
RS03AXBS-LJ03A-12-CTDPFB301,10/11/2021: no recent evaluation
RS03CCAL-MJ03F-12-CTDPFB305,10/11/2021: no recent evaluation
RS03ECAL-MJ03E-12-CTDPFB306,10/11/2021: no recent evaluation
CE04OSPD-DP01B-01-CTDPFL105,10/11/2021: no recent evaluation
RS01SBPD-DP01A-01-CTDPFL104,offline
RS03AXPD-DP03A-01-CTDPFL304,10/11/2021: no recent evaluation
