RS03AXPS-PC03A-05-ADCPTD302,10/11/2021: no recent evaluation
RS03AXPS-PC03A-06-VADCPA301,offline
RS03AXPS-PC03A-07-CAMDSC302,10/11/2021: no recent evaluation
RS03AXPS-PC03A-4A-CTDPFA303,10/11/2021: no recent evaluation
RS03AXPS-SF03A-2A-CTDPFA302,10/11/2021: no recent evaluation
RS03AXPS-SF03A-2A-DOFSTA302,10/11/2021: no recent evaluation
RS03AXPS-PC03A-4A-DOSTAD303,10/11/2021: no recent evaluation
RS03AXPS-PC03A-4C-FLORDD303,10/11/2021: no recent evaluation
RS03AXPS-SF03A-3A-FLORTD301,10/11/2021: no recent evaluation
RS03AXPS-PC03A-08-HYDBBA303,10/11/2021: no recent evaluation
RS03AXPS-SF03A-4A-NUTNRA301,10/11/2021: no recent evaluation
RS03AXPS-SF03A-3B-OPTAAD301,10/11/2021: no recent evaluation
RS03AXPS-SF03A-3C-PARADA301,10/11/2021: no recent evaluation
RS03AXPS-SF03A-4F-PCO2WA301,10/11/2021: no recent evaluation
RS03AXPS-PC03A-4B-PHSENA302,10/11/2021: no recent evaluation
RS03AXPS-SF03A-2D-PHSENA301,10/11/2021: no recent evaluation
RS03AXPS-SF03A-3D-SPKIRA301,10/11/2021: no recent evaluation
RS03AXPS-SF03A-4B-VELPTD302,10/11/2021: no recent evaluation
