CE04OSPS-PC01B-4A-CTDPFA109,10/11/2021: no recent evaluation
CE04OSPS-SF01B-2A-CTDPFA107,10/11/2021: no recent evaluation
CE04OSPS-SF01B-2A-DOFSTA107,10/11/2021: no recent evaluation
CE04OSPS-PC01B-4A-DOSTAD109,10/11/2021: no recent evaluation
CE04OSPS-SF01B-3A-FLORTD104,10/11/2021: no recent evaluation
CE04OSPS-SF01B-4A-NUTNRA102,10/11/2021: no recent evaluation
CE04OSPS-SF01B-3B-OPTAAD105,10/11/2021: no recent evaluation
CE04OSPS-SF01B-3C-PARADA102,10/11/2021: no recent evaluation
CE04OSPS-PC01B-4D-PCO2WA105,10/11/2021: no recent evaluation
CE04OSPS-SF01B-4F-PCO2WA102,10/11/2021: no recent evaluation
CE04OSPS-PC01B-4B-PHSENA106,10/11/2021: no recent evaluation
CE04OSPS-SF01B-2B-PHSENA108,10/11/2021: no recent evaluation
CE04OSPS-SF01B-3D-SPKIRA102,10/11/2021: no recent evaluation
CE04OSPS-SF01B-4B-VELPTD106,10/11/2021: no recent evaluation
CE04OSPS-PC01B-05-ZPLSCB102,10/11/2021: no recent evaluation
