RS03AXBS-LJ03A-10-ADCPTE303,10/11/2021: no recent evaluation
RS03AXBS-LJ03A-12-CTDPFB301,10/11/2021: no recent evaluation
RS03AXBS-LJ03A-12-DOSTAD301,10/11/2021: no recent evaluation
RS03AXBS-LJ03A-05-HPIESA301,10/11/2021: no recent evaluation
RS03AXBS-LJ03A-09-HYDBBA302,10/11/2021: no recent evaluation
RS03AXBS-MJ03A-05-HYDLFA301,10/11/2021: no recent evaluation
RS03AXBS-MJ03A-05-OBSBBA303,10/11/2021: no recent evaluation
RS03AXBS-LJ03A-11-OPTAAC303,10/11/2021: no recent evaluation
RS03AXBS-MJ03A-06-PRESTA301,10/11/2021: no recent evaluation
RS03AXBS-MJ03A-12-VEL3DB301,10/11/2021: no recent evaluation
