RS01SLBS-LJ01A-10-ADCPTE101,10/11/2021: no recent evaluation
RS01SLBS-LJ01A-12-CTDPFB101,10/11/2021: no recent evaluation
RS01SLBS-LJ01A-12-DOSTAD101,10/11/2021: no recent evaluation
RS01SLBS-LJ01A-05-HPIESA101,10/11/2021: no recent evaluation
RS01SLBS-LJ01A-09-HYDBBA102,10/11/2021: no recent evaluation
RS01SLBS-MJ01A-05-HYDLFA101,10/11/2021: no recent evaluation
RS01SLBS-MJ01A-05-OBSBBA102,10/11/2021: no recent evaluation
RS01SLBS-LJ01A-11-OPTAAC103,10/11/2021: no recent evaluation
RS01SLBS-MJ01A-06-PRESTA101,10/11/2021: no recent evaluation
RS01SLBS-MJ01A-12-VEL3DB101,10/11/2021: no recent evaluation
