RS01SBPS-PC01A-05-ADCPTD102,10/11/2021: no recent evaluation
RS03AXPS-PC03A-05-ADCPTD302,10/11/2021: no recent evaluation
RS01SBPS-PC01A-06-VADCPA101,10/11/2021: no recent evaluation
RS03AXPS-PC03A-06-VADCPA301,offline
RS01SBPS-PC01A-07-CAMDSC102,10/11/2021: no recent evaluation
RS03AXPS-PC03A-07-CAMDSC302,10/11/2021: no recent evaluation
CE04OSPS-PC01B-4A-CTDPFA109,10/11/2021: no recent evaluation
RS01SBPS-PC01A-4A-CTDPFA103,10/11/2021: no recent evaluation
RS03AXPS-PC03A-4A-CTDPFA303,10/11/2021: no recent evaluation
CE04OSPS-PC01B-4A-DOSTAD109,10/11/2021: no recent evaluation
RS01SBPS-PC01A-4A-DOSTAD103,10/11/2021: no recent evaluation
RS03AXPS-PC03A-4A-DOSTAD303,10/11/2021: no recent evaluation
RS01SBPS-PC01A-4C-FLORDD103,10/11/2021: no recent evaluation
RS03AXPS-PC03A-4C-FLORDD303,10/11/2021: no recent evaluation
RS01SBPS-PC01A-08-HYDBBA103,10/11/2021: no recent evaluation
RS03AXPS-PC03A-08-HYDBBA303,10/11/2021: no recent evaluation
CE04OSPS-PC01B-4D-PCO2WA105,10/11/2021: no recent evaluation
CE04OSPS-PC01B-4B-PHSENA106,10/11/2021: no recent evaluation
RS01SBPS-PC01A-4B-PHSENA102,10/11/2021: no recent evaluation
RS03AXPS-PC03A-4B-PHSENA302,10/11/2021: no recent evaluation
CE04OSPS-PC01B-05-ZPLSCB102,10/11/2021: no recent evaluation
